date,long_legs,short_legs,gross_return,tc_cost,net_return
2010-06-01,"['AUD_USD', 'US_SLOPE', 'EUR_USD']","['CL=F', 'HG=F', 'GC=F']",-0.0027208544363897104,0.0005,-0.0032208544363897104
2010-07-01,"['AUD_USD', 'US_SLOPE', 'CL=F']","['GC=F', 'JPY_USD', 'HG=F']",0.0005873343361300506,0.0003327061947288037,0.00025462814140124685
2010-09-01,"['AUD_USD', 'US_SLOPE', 'HG=F']","['GC=F', 'JPY_USD', 'GBP_USD']",0.004914455234258839,0.00022992527962128827,0.00468452995463755
2010-10-01,"['AUD_USD', 'US_SLOPE', 'GC=F']","['CL=F', 'JPY_USD', 'GBP_USD']",-0.0008650858355321593,0.00015588378295588318,-0.0010209696184880425
2010-11-01,"['AUD_USD', 'US_SLOPE', 'EUR_USD']","['HG=F', 'CL=F', 'JPY_USD']",0.014063484187318039,0.00025860370256065905,0.01380488048475738
2010-12-01,"['AUD_USD', 'US_SLOPE', 'EUR_USD']","['GC=F', 'HG=F', 'JPY_USD']",0.004775308730408271,0.0001096647369263385,0.004665643993481933
2011-01-01,"['AUD_USD', 'US_SLOPE', 'HG=F']","['JPY_USD', 'GC=F', 'GBP_USD']",0.011121799477163444,0.0002876722348423473,0.010834127242321096
2011-02-01,"['AUD_USD', 'US_SLOPE', 'EUR_USD']","['GC=F', 'HG=F', 'CL=F']",0.021384096694685262,0.0003452716202274422,0.02103882507445782
2011-03-01,"['AUD_USD', 'US_SLOPE', 'EUR_USD']","['HG=F', 'JPY_USD', 'CL=F']",0.007680845753812837,0.000301989426526173,0.007378856327286664
2011-04-01,"['AUD_USD', 'US_SLOPE', 'EUR_USD']","['HG=F', 'JPY_USD', 'GC=F']",0.004197385121396306,5.936014267332872e-05,0.004138024978722977
2011-06-01,"['AUD_USD', 'US_SLOPE', 'EUR_USD']","['HG=F', 'CL=F', 'JPY_USD']",0.006213862347967173,4.9766276770000463e-05,0.006164096071197172
2011-07-01,"['AUD_USD', 'US_SLOPE', 'EUR_USD']","['CL=F', 'GC=F', 'JPY_USD']",-0.008378256933449147,7.851908382437471e-05,-0.008456776017273522
2011-08-01,"['AUD_USD', 'US_SLOPE', 'EUR_USD']","['JPY_USD', 'GBP_USD', 'HG=F']",-4.2972334729396607e-05,0.00025994719349663295,-0.00030291952822602956
2011-09-01,"['AUD_USD', 'US_SLOPE', 'EUR_USD']","['HG=F', 'JPY_USD', 'CL=F']",0.0038293624489319452,0.00014067945168007255,0.0036886829972518726
2011-10-01,"['AUD_USD', 'US_SLOPE', 'EUR_USD']","['HG=F', 'GC=F', 'CL=F']",0.01761680188300883,0.00023525766648125628,0.017381544216527576
2011-11-01,"['AUD_USD', 'HG=F', 'CL=F']","['JPY_USD', 'GBP_USD', 'GC=F']",-0.003846143450524502,0.0005350230434901642,-0.0043811664940146666
2011-12-01,"['AUD_USD', 'US_SLOPE', 'EUR_USD']","['JPY_USD', 'GBP_USD', 'GC=F']",0.002189259568679071,0.00032355689008544184,0.0018657026785936293
2012-02-01,"['AUD_USD', 'US_SLOPE', 'EUR_USD']","['GC=F', 'CL=F', 'HG=F']",0.01340356172490807,0.0002450793730840729,0.013158482351823998
2012-03-01,"['AUD_USD', 'US_SLOPE', 'EUR_USD']","['JPY_USD', 'CL=F', 'GBP_USD']",0.006166004458343605,0.00032557523989986407,0.005840429218443742
2012-05-01,"['AUD_USD', 'US_SLOPE', 'EUR_USD']","['CL=F', 'HG=F', 'GC=F']",0.018980338733663175,0.0002558894572653497,0.018724449276397825
2012-06-01,"['AUD_USD', 'US_SLOPE', 'EUR_USD']","['CL=F', 'HG=F', 'GC=F']",-0.004512644437432225,6.150128572263057e-05,-0.004574145723154855
2012-08-01,"['AUD_USD', 'US_SLOPE', 'EUR_USD']","['JPY_USD', 'GC=F', 'GBP_USD']",-0.0004139511126612591,0.000338347729900955,-0.0007522988425622141
2012-09-01,"['AUD_USD', 'CL=F', 'US_SLOPE']","['JPY_USD', 'HG=F', 'GC=F']",-6.033965561199868e-05,0.00026636357642189913,-0.0003267032320338978
2012-10-01,"['AUD_USD', 'US_SLOPE', 'EUR_USD']","['CL=F', 'JPY_USD', 'GC=F']",0.002329006589614396,0.00023678942165521565,0.0020922171679591804
2012-11-01,"['AUD_USD', 'US_SLOPE', 'EUR_USD']","['CL=F', 'HG=F', 'GC=F']",-0.026702554460020123,0.0002471495287531384,-0.02694970398877326
2012-12-01,"['AUD_USD', 'US_SLOPE', 'EUR_USD']","['GC=F', 'JPY_USD', 'HG=F']",0.0023109399126618147,0.00036184830113413803,0.0019490916115276766
2013-01-01,"['AUD_USD', 'US_SLOPE', 'EUR_USD']","['JPY_USD', 'GC=F', 'HG=F']",0.0013540740450372194,2.802248808128841e-05,0.001326051556955931
2013-02-01,"['AUD_USD', 'US_SLOPE', 'EUR_USD']","['JPY_USD', 'GC=F', 'HG=F']",0.0034322528678398054,2.2077584560096938e-05,0.0034101752832797084
2013-03-01,"['AUD_USD', 'US_SLOPE', 'EUR_USD']","['CL=F', 'HG=F', 'GC=F']",-0.00714022778441775,0.00020631726555391252,-0.0073465450499716626
2013-04-01,"['AUD_USD', 'US_SLOPE', 'GBP_USD']","['HG=F', 'JPY_USD', 'GC=F']",0.013300110639905868,0.0004902164845590815,0.012809894155346786
2013-05-01,"['AUD_USD', 'US_SLOPE', 'GBP_USD']","['GC=F', 'CL=F', 'HG=F']",0.01714363911085438,0.00021613921116288079,0.0169274998996915
2013-06-01,"['AUD_USD', 'US_SLOPE', 'GBP_USD']","['CL=F', 'GC=F', 'JPY_USD']",0.014352512351056983,0.00033549920901920104,0.014017013142037783
2013-07-01,"['AUD_USD', 'US_SLOPE', 'GBP_USD']","['GC=F', 'HG=F', 'JPY_USD']",0.0017890123030301968,4.781642577698234e-05,0.0017411958772532146
2013-08-01,"['AUD_USD', 'US_SLOPE', 'GBP_USD']","['JPY_USD', 'HG=F', 'CL=F']",-0.004236207004607712,6.202974879501364e-05,-0.004298236753402726
2013-10-01,"['AUD_USD', 'US_SLOPE', 'GBP_USD']","['CL=F', 'JPY_USD', 'HG=F']",-0.003979035588883429,6.421741130115589e-05,-0.004043253000184584
2013-11-01,"['AUD_USD', 'US_SLOPE', 'GBP_USD']","['CL=F', 'GC=F', 'HG=F']",-0.010786108300853761,0.0002047225521503217,-0.010990830853004082
2014-01-01,"['AUD_USD', 'US_SLOPE', 'GBP_USD']","['GC=F', 'HG=F', 'JPY_USD']",-0.0031936758305527117,0.0002852252924146817,-0.0034789011229673936
2014-02-01,"['AUD_USD', 'US_SLOPE', 'GBP_USD']","['JPY_USD', 'HG=F', 'GC=F']",-0.0018465209595596734,2.850741631558416e-05,-0.0018750283758752575
2014-03-01,"['AUD_USD', 'US_SLOPE', 'GBP_USD']","['JPY_USD', 'HG=F', 'CL=F']",0.0003899839617027938,5.2385644531841846e-05,0.0003375983171709519
2014-04-01,"['AUD_USD', 'US_SLOPE', 'GBP_USD']","['HG=F', 'CL=F', 'GC=F']",-0.008504496674284951,0.00016201367907017728,-0.008666510353355129
2014-05-01,"['AUD_USD', 'US_SLOPE', 'GBP_USD']","['CL=F', 'JPY_USD', 'GC=F']",0.0011991314560049141,0.00029426959798349096,0.0009048618580214232
2014-07-01,"['AUD_USD', 'US_SLOPE', 'GBP_USD']","['GC=F', 'JPY_USD', 'CL=F']",0.000167155342621377,0.00010204068604539819,6.511465657597882e-05
2014-08-01,"['AUD_USD', 'US_SLOPE', 'GBP_USD']","['CL=F', 'JPY_USD', 'HG=F']",0.00022429851994082493,8.109050109025243e-05,0.0001432080188505725
2014-09-01,"['AUD_USD', 'US_SLOPE', 'GBP_USD']","['HG=F', 'CL=F', 'JPY_USD']",0.004242845604910553,2.5524228572345982e-05,0.0042173213763382076
2014-10-01,"['AUD_USD', 'US_SLOPE', 'GBP_USD']","['GC=F', 'HG=F', 'CL=F']",0.0016594166492524057,0.00023802497647419852,0.0014213916727782072
2014-11-01,"['AUD_USD', 'US_SLOPE', 'GBP_USD']","['CL=F', 'JPY_USD', 'GC=F']",0.00037768822388614155,0.00034385901260707024,3.382921127907131e-05
2014-12-01,"['AUD_USD', 'US_SLOPE', 'GBP_USD']","['CL=F', 'HG=F', 'JPY_USD']",0.009949644902869856,5.7711075532057954e-05,0.009891933827337798
2015-01-01,"['AUD_USD', 'US_SLOPE', 'GBP_USD']","['CL=F', 'JPY_USD', 'HG=F']",-0.0022379664995879206,4.825017054314182e-05,-0.0022862166701310624
2015-04-01,"['AUD_USD', 'US_SLOPE', 'CL=F']","['HG=F', 'JPY_USD', 'EUR_USD']",-0.003227171885185856,0.00029110240768949545,-0.0035182742928753516
2015-05-01,"['CL=F', 'AUD_USD', 'HG=F']","['GC=F', 'JPY_USD', 'EUR_USD']",0.008466337827283033,0.0001253455749886779,0.008340992252294356
2015-06-01,"['AUD_USD', 'US_SLOPE', 'GBP_USD']","['HG=F', 'CL=F', 'JPY_USD']",0.004038997376940454,0.0003917655761139816,0.003647231800826472
2015-07-01,"['AUD_USD', 'US_SLOPE', 'GBP_USD']","['CL=F', 'HG=F', 'JPY_USD']",-0.0038157040186607674,2.521063729572722e-05,-0.003840914655956495
2015-08-01,"['AUD_USD', 'US_SLOPE', 'GBP_USD']","['CL=F', 'GC=F', 'HG=F']",-0.031105174948152178,0.00026536687325933985,-0.03137054182141152
2015-09-01,"['AUD_USD', 'CL=F', 'US_SLOPE']","['JPY_USD', 'EUR_USD', 'GBP_USD']",-0.0027349592913263896,0.00037780667662210124,-0.003112765967948491
2015-10-01,"['AUD_USD', 'US_SLOPE', 'HG=F']","['JPY_USD', 'GC=F', 'EUR_USD']",-0.00012736958058836342,0.00012102905561213135,-0.0002483986362004948
2015-12-01,"['AUD_USD', 'US_SLOPE', 'CL=F']","['JPY_USD', 'HG=F', 'EUR_USD']",0.003902624860553008,7.149429071936915e-05,0.003831130569833639
2016-01-01,"['AUD_USD', 'US_SLOPE', 'GBP_USD']","['CL=F', 'HG=F', 'GC=F']",0.010903321166280377,0.00042675125069976163,0.010476569915580616
2016-02-01,"['AUD_USD', 'US_SLOPE', 'GC=F']","['JPY_USD', 'EUR_USD', 'CL=F']",0.005614360500808813,0.000382677988444286,0.005231682512364527
2016-03-01,"['AUD_USD', 'CL=F', 'US_SLOPE']","['JPY_USD', 'EUR_USD', 'GBP_USD']",0.010798469355110678,0.00011938660561080873,0.01067908274949987
2016-04-01,"['AUD_USD', 'CL=F', 'US_SLOPE']","['GC=F', 'JPY_USD', 'EUR_USD']",0.0028924238381417993,6.249584047091308e-05,0.0028299279976708863
2016-06-01,"['AUD_USD', 'US_SLOPE', 'CL=F']","['JPY_USD', 'EUR_USD', 'GC=F']",-0.009170154299938517,8.68211199970324e-05,-0.009256975419935549
2016-07-01,"['AUD_USD', 'US_SLOPE', 'GBP_USD']","['CL=F', 'HG=F', 'JPY_USD']",-0.002618116245679476,0.00029251687908994124,-0.002910633124769417
2016-08-01,"['AUD_USD', 'US_SLOPE', 'GBP_USD']","['CL=F', 'JPY_USD', 'EUR_USD']",0.0023302710347933657,0.0001975260013737799,0.002132745033419586
2016-09-01,"['AUD_USD', 'CL=F', 'US_SLOPE']","['HG=F', 'GC=F', 'JPY_USD']",-0.006991184594479581,0.00020643630488096848,-0.00719762089936055
2016-10-01,"['AUD_USD', 'CL=F', 'US_SLOPE']","['EUR_USD', 'JPY_USD', 'GC=F']",-0.0008994234735363394,0.0001563014703775383,-0.0010557249439138777
2016-11-01,"['AUD_USD', 'US_SLOPE', 'GBP_USD']","['CL=F', 'EUR_USD', 'JPY_USD']",-0.0010615670788347202,0.00018600953047666512,-0.0012475766093113854
2016-12-01,"['AUD_USD', 'HG=F', 'US_SLOPE']","['GC=F', 'EUR_USD', 'JPY_USD']",-0.0009636584472369979,0.00014293451580092923,-0.0011065929630379272
2017-02-01,"['AUD_USD', 'US_SLOPE', 'CL=F']","['HG=F', 'EUR_USD', 'JPY_USD']",0.007083274298241213,9.591119026543688e-05,0.006987363107975776
2017-03-01,"['AUD_USD', 'GC=F', 'US_SLOPE']","['CL=F', 'EUR_USD', 'JPY_USD']",0.010025496768217781,0.00011271811687464886,0.009912778651343133
2017-04-01,"['AUD_USD', 'US_SLOPE', 'GBP_USD']","['CL=F', 'EUR_USD', 'GC=F']",-0.0036154201732818093,0.0005060837724129377,-0.004121503945694747
2017-05-01,"['AUD_USD', 'US_SLOPE', 'CL=F']","['HG=F', 'EUR_USD', 'JPY_USD']",-0.0013897408389527493,0.0003394554000510317,-0.0017291962390037809
2017-06-01,"['AUD_USD', 'US_SLOPE', 'CL=F']","['EUR_USD', 'JPY_USD', 'GBP_USD']",0.004299141492971961,0.00020292397465407049,0.00409621751831789
2017-07-01,"['AUD_USD', 'US_SLOPE', 'HG=F']","['EUR_USD', 'JPY_USD', 'GC=F']",-0.005267335364236866,0.0001349048811973312,-0.005402240245434197
2017-08-01,"['AUD_USD', 'CL=F', 'US_SLOPE']","['EUR_USD', 'JPY_USD', 'GBP_USD']",0.010546529991126838,0.00018377541243342496,0.010362754578693413
2017-09-01,"['AUD_USD', 'US_SLOPE', 'GC=F']","['CL=F', 'EUR_USD', 'JPY_USD']",0.00867383816393299,0.00010465523790042356,0.008569182926032566
2017-11-01,"['AUD_USD', 'CL=F', 'US_SLOPE']","['HG=F', 'EUR_USD', 'GC=F']",-0.0007812528552041228,0.00016164680127855465,-0.0009428996564826774
2017-12-01,"['AUD_USD', 'CL=F', 'US_SLOPE']","['EUR_USD', 'JPY_USD', 'GC=F']",0.007801959028535355,0.0002113687583050503,0.007590590270230305
2018-01-01,"['AUD_USD', 'HG=F', 'US_SLOPE']","['EUR_USD', 'CL=F', 'JPY_USD']",-0.00914136149169139,0.00010012371754954481,-0.009241485209240934
2018-02-01,"['AUD_USD', 'US_SLOPE', 'GC=F']","['HG=F', 'EUR_USD', 'JPY_USD']",0.004050855574651106,0.00011636207680908388,0.003934493497842023
2018-03-01,"['AUD_USD', 'US_SLOPE', 'GBP_USD']","['CL=F', 'EUR_USD', 'JPY_USD']",0.0018663796582420664,0.00027461808532158494,0.0015917615729204814
2018-05-01,"['AUD_USD', 'US_SLOPE', 'CL=F']","['EUR_USD', 'JPY_USD', 'GBP_USD']",0.0011192685318506604,0.0002966982114357517,0.0008225703204149087
2018-06-01,"['US_SLOPE', 'AUD_USD', 'HG=F']","['EUR_USD', 'JPY_USD', 'GBP_USD']",0.005883689848775797,8.521386539917887e-05,0.005798475983376618
2018-08-01,"['CL=F', 'US_SLOPE', 'AUD_USD']","['EUR_USD', 'JPY_USD', 'GBP_USD']",0.010238872695109417,9.281682019146394e-05,0.010146055874917953
2018-09-01,"['US_SLOPE', 'AUD_USD', 'GC=F']","['EUR_USD', 'JPY_USD', 'GBP_USD']",0.0016722708244605309,0.000113746506610467,0.001558524317850064
2018-10-01,"['HG=F', 'US_SLOPE', 'GC=F']","['EUR_USD', 'JPY_USD', 'GBP_USD']",0.007510319103306224,0.00011459198914810533,0.007395727114158119
2018-11-01,"['GC=F', 'US_SLOPE', 'HG=F']","['EUR_USD', 'JPY_USD', 'GBP_USD']",0.009493666237098986,3.6674383856395645e-05,0.00945699185324259
2018-12-01,"['HG=F', 'US_SLOPE', 'GC=F']","['EUR_USD', 'JPY_USD', 'CL=F']",-0.006431370650837083,0.0001330089513372868,-0.00656437960217437
2019-01-01,"['CL=F', 'GC=F', 'US_SLOPE']","['EUR_USD', 'JPY_USD', 'GBP_USD']",0.010456924680549652,0.0003153295850834752,0.010141595095466176
2019-02-01,"['CL=F', 'HG=F', 'US_SLOPE']","['EUR_USD', 'JPY_USD', 'GBP_USD']",-0.011825381676996798,0.00015439349495051963,-0.011979775171947317
2019-03-01,"['HG=F', 'CL=F', 'US_SLOPE']","['EUR_USD', 'JPY_USD', 'GBP_USD']",-0.011495095741197066,0.00015759006957702783,-0.011652685810774093
2019-04-01,"['US_SLOPE', 'GC=F', 'HG=F']","['EUR_USD', 'JPY_USD', 'GBP_USD']",0.00992974480685974,9.98382702770973e-05,0.009829906536582642
2019-05-01,"['US_SLOPE', 'CL=F', 'GC=F']","['EUR_USD', 'JPY_USD', 'GBP_USD']",-0.004335826326504143,7.26851960090492e-05,-0.004408511522513193
2019-06-01,"['US_SLOPE', 'GC=F', 'HG=F']","['EUR_USD', 'JPY_USD', 'CL=F']",-0.015561241256566598,0.00014896107461277445,-0.01571020233117937
2019-07-01,"['CL=F', 'HG=F', 'GC=F']","['EUR_USD', 'JPY_USD', 'GBP_USD']",0.005454423421828787,0.00025244435233202927,0.005201979069496758
2019-08-01,"['CL=F', 'US_SLOPE', 'HG=F']","['EUR_USD', 'JPY_USD', 'GBP_USD']",-0.007437647401866263,0.0002984661500297081,-0.007736113551895971
2019-10-01,"['US_SLOPE', 'GC=F', 'HG=F']","['EUR_USD', 'JPY_USD', 'GBP_USD']",0.004879328966117915,0.00011757232873399862,0.004761756637383916
2019-11-01,"['HG=F', 'US_SLOPE', 'CL=F']","['EUR_USD', 'JPY_USD', 'GBP_USD']",0.01426664756772546,7.199333730550605e-05,0.014194654230419955
2020-01-01,"['CL=F', 'US_SLOPE', 'HG=F']","['EUR_USD', 'JPY_USD', 'GBP_USD']",-0.0072585881192658575,0.00011675287743505519,-0.007375340996700913
2020-02-01,"['GC=F', 'US_SLOPE', 'AUD_USD']","['EUR_USD', 'JPY_USD', 'HG=F']",0.002564931458841649,0.0002731765310395337,0.0022917549278021155
2020-04-01,"['US_SLOPE', 'HG=F', 'AUD_USD']","['EUR_USD', 'JPY_USD', 'CL=F']",0.0025642919576522993,9.714424149683832e-05,0.002467147716155461
2020-05-01,"['US_SLOPE', 'GC=F', 'AUD_USD']","['CL=F', 'EUR_USD', 'JPY_USD']",-0.0038551364715910075,5.203198434472601e-05,-0.0039071684559357335
2020-06-01,"['CL=F', 'HG=F', 'US_SLOPE']","['EUR_USD', 'JPY_USD', 'GBP_USD']",-0.010494617813730109,0.00025206448629717194,-0.010746682300027281
2020-07-01,"['CL=F', 'HG=F', 'US_SLOPE']","['EUR_USD', 'GC=F', 'JPY_USD']",0.0024362559378169665,9.588884247135878e-05,0.0023403670953456076
2020-08-01,"['GC=F', 'US_SLOPE', 'AUD_USD']","['CL=F', 'EUR_USD', 'JPY_USD']",0.0027127498704354464,0.0002061511635310541,0.0025065987069043923
2020-09-01,"['US_SLOPE', 'GBP_USD', 'AUD_USD']","['EUR_USD', 'GC=F', 'HG=F']",0.0009472191346922821,0.0002222941288796129,0.0007249250058126692
2020-10-01,"['US_SLOPE', 'AUD_USD', 'GBP_USD']","['CL=F', 'GC=F', 'EUR_USD']",-0.005184299069751968,2.6018760065501698e-05,-0.00521031782981747
2020-12-01,"['GBP_USD', 'US_SLOPE', 'AUD_USD']","['CL=F', 'EUR_USD', 'HG=F']",0.008244344712150823,0.00012141931340639837,0.008122925398744424
2021-01-01,"['CL=F', 'HG=F', 'GBP_USD']","['EUR_USD', 'JPY_USD', 'GC=F']",0.0010010167650789815,0.0003060547272779754,0.0006949620378010061
2021-02-01,"['GBP_USD', 'AUD_USD', 'US_SLOPE']","['EUR_USD', 'HG=F', 'JPY_USD']",0.00021705480414761216,0.0003435318577530946,-0.00012647705360548241
2021-03-01,"['GBP_USD', 'AUD_USD', 'HG=F']","['EUR_USD', 'GC=F', 'CL=F']",0.003015775218502954,0.00021050236018988814,0.0028052728583130657
2021-04-01,"['GBP_USD', 'AUD_USD', 'GC=F']","['CL=F', 'HG=F', 'EUR_USD']",0.01693692075956998,9.437335665364175e-05,0.01684254740291634
2021-05-01,"['AUD_USD', 'GBP_USD', 'GC=F']","['EUR_USD', 'JPY_USD', 'US_SLOPE']",0.008212923553457426,0.00032967728216515393,0.007883246271292272
2021-06-01,"['AUD_USD', 'GBP_USD', 'GC=F']","['EUR_USD', 'JPY_USD', 'HG=F']",0.00477497844243907,0.00013450334367981742,0.004640475098759252
2021-07-01,"['AUD_USD', 'GBP_USD', 'CL=F']","['HG=F', 'GC=F', 'EUR_USD']",0.001835011398584132,0.0001120837112667619,0.00172292768731737
2021-09-01,"['HG=F', 'AUD_USD', 'GBP_USD']","['EUR_USD', 'JPY_USD', 'CL=F']",-0.0041369436823271944,0.0002630141400883517,-0.004399957822415547
2021-10-01,"['GBP_USD', 'AUD_USD', 'GC=F']","['EUR_USD', 'JPY_USD', 'HG=F']",-0.005023216287850369,0.00011216317080712421,-0.005135379458657493
2021-11-01,"['CL=F', 'HG=F', 'AUD_USD']","['EUR_USD', 'JPY_USD', 'US_SLOPE']",-0.018858156346053475,0.00030567790895904466,-0.01916383425501252
2021-12-01,"['AUD_USD', 'GBP_USD', 'GC=F']","['CL=F', 'EUR_USD', 'JPY_USD']",-0.004849759062959707,0.0003049995666399933,-0.0051547586295997
2022-01-01,"['CL=F', 'GBP_USD', 'GC=F']","['EUR_USD', 'JPY_USD', 'US_SLOPE']",-0.005678985742184621,0.00022258781275931038,-0.005901573554943931
2022-02-01,"['CL=F', 'GBP_USD', 'AUD_USD']","['EUR_USD', 'JPY_USD', 'US_SLOPE']",-0.007407497983760575,0.00021633221100334396,-0.007623830194763918
2022-03-01,"['GC=F', 'HG=F', 'GBP_USD']","['EUR_USD', 'JPY_USD', 'CL=F']",0.0039532044371633,0.00020278782900538423,0.0037504166081579154
2022-04-01,"['HG=F', 'GBP_USD', 'GC=F']","['EUR_USD', 'JPY_USD', 'CL=F']",0.01125969293165468,3.150206697867915e-05,0.011228190864676002
2022-06-01,"['AUD_USD', 'GBP_USD', 'CL=F']","['EUR_USD', 'JPY_USD', 'HG=F']",-0.0018181996996472626,0.0002835405969415095,-0.002101740296588772
2022-07-01,"['US_SLOPE', 'GBP_USD', 'CL=F']","['JPY_USD', 'EUR_USD', 'HG=F']",-0.005715030033462083,0.00022340814311002375,-0.005938438176572107
2022-08-01,"['HG=F', 'GC=F', 'US_SLOPE']","['JPY_USD', 'EUR_USD', 'CL=F']",0.0029483594176644688,0.00015723781453536972,0.002791121603129099
2022-09-01,"['HG=F', 'GC=F', 'US_SLOPE']","['JPY_USD', 'EUR_USD', 'AUD_USD']",0.003805585153647606,0.00019907965056008422,0.003606505503087522
2022-10-01,"['US_SLOPE', 'HG=F', 'GC=F']","['JPY_USD', 'EUR_USD', 'AUD_USD']",0.0036489317489760698,6.332195742917315e-05,0.0035856097915468966
2022-11-01,"['CL=F', 'US_SLOPE', 'GC=F']","['JPY_USD', 'EUR_USD', 'AUD_USD']",0.007394437830826132,5.081459272403073e-05,0.007343623238102101
2022-12-01,"['HG=F', 'GC=F', 'US_SLOPE']","['JPY_USD', 'EUR_USD', 'AUD_USD']",-0.003902885926365078,6.567870132569395e-05,-0.003968564627690772
2023-02-01,"['US_SLOPE', 'GC=F', 'CL=F']","['JPY_USD', 'EUR_USD', 'AUD_USD']",0.014765728515531288,4.35948136105783e-05,0.014722133701920711
2023-03-01,"['US_SLOPE', 'HG=F', 'CL=F']","['JPY_USD', 'EUR_USD', 'AUD_USD']",-0.01615137753376124,0.00012186370924743179,-0.016273241243008673
2023-04-01,"['US_SLOPE', 'GC=F', 'CL=F']","['JPY_USD', 'EUR_USD', 'AUD_USD']",0.0010345087715798533,0.00010759321534014459,0.0009269155562397088
2023-05-01,"['US_SLOPE', 'CL=F', 'GBP_USD']","['JPY_USD', 'EUR_USD', 'AUD_USD']",-0.004031006597543432,0.000303780454910799,-0.004334787052454231
2023-06-01,"['US_SLOPE', 'GBP_USD', 'HG=F']","['JPY_USD', 'EUR_USD', 'AUD_USD']",0.0032782937209138757,9.270587776144473e-05,0.003185587843152431
2023-07-01,"['HG=F', 'CL=F', 'US_SLOPE']","['JPY_USD', 'EUR_USD', 'AUD_USD']",0.005627322691646088,0.0001652739239163575,0.005462048767729731
2023-08-01,"['CL=F', 'HG=F', 'US_SLOPE']","['JPY_USD', 'EUR_USD', 'AUD_USD']",-0.0021983843240552083,2.8100957274424956e-05,-0.002226485281329633
2023-09-01,"['US_SLOPE', 'GBP_USD', 'GC=F']","['JPY_USD', 'EUR_USD', 'AUD_USD']",-0.005003620299298022,0.00023755503453153827,-0.005241175333829561
2023-11-01,"['US_SLOPE', 'CL=F', 'HG=F']","['JPY_USD', 'EUR_USD', 'AUD_USD']",-0.009052392466398941,0.00016664430332248288,-0.009219036769721424
2023-12-01,"['GC=F', 'HG=F', 'US_SLOPE']","['JPY_USD', 'CL=F', 'EUR_USD']",-0.004299492761977665,0.00012403342263040445,-0.00442352618460807
2024-01-01,"['US_SLOPE', 'HG=F', 'GBP_USD']","['JPY_USD', 'EUR_USD', 'AUD_USD']",-0.00012554825216435045,0.0002869157053944297,-0.00041246395755878016
2024-02-01,"['CL=F', 'US_SLOPE', 'GBP_USD']","['JPY_USD', 'EUR_USD', 'AUD_USD']",-0.0039877615185561575,6.434695431939378e-05,-0.004052108472875552
2024-03-01,"['CL=F', 'US_SLOPE', 'GC=F']","['JPY_USD', 'EUR_USD', 'AUD_USD']",-0.006938215853605241,0.00012655260146994323,-0.007064768455075185
2024-04-01,"['GC=F', 'HG=F', 'CL=F']","['JPY_USD', 'EUR_USD', 'AUD_USD']",-0.016386063875714806,0.00021758890574883743,-0.016603652781463644
2024-05-01,"['HG=F', 'GC=F', 'US_SLOPE']","['JPY_USD', 'EUR_USD', 'AUD_USD']",-0.019500368902379772,0.000211682095705441,-0.019712050998085213
2024-06-01,"['GBP_USD', 'US_SLOPE', 'GC=F']","['JPY_USD', 'EUR_USD', 'AUD_USD']",-0.005937506339414727,0.00021885224145786405,-0.006156358580872591
2024-07-01,"['CL=F', 'GBP_USD', 'US_SLOPE']","['JPY_USD', 'EUR_USD', 'HG=F']",-0.0045647554323130874,0.0001188859980904262,-0.004683641430403514
2024-08-01,"['GC=F', 'GBP_USD', 'US_SLOPE']","['JPY_USD', 'AUD_USD', 'EUR_USD']",-0.005540242101333452,0.000200781366631191,-0.005741023467964643
2024-10-01,"['HG=F', 'US_SLOPE', 'GC=F']","['JPY_USD', 'AUD_USD', 'EUR_USD']",0.004214471645853951,0.00014636254533200121,0.00406810910052195
2024-11-01,"['HG=F', 'GC=F', 'US_SLOPE']","['JPY_USD', 'EUR_USD', 'AUD_USD']",-0.004249877723381553,6.810533194099344e-05,-0.004317983055322546
2025-01-01,"['CL=F', 'US_SLOPE', 'GBP_USD']","['JPY_USD', 'EUR_USD', 'AUD_USD']",-0.002169491754489014,0.0002948371375113118,-0.002464328892000326
2025-02-01,"['CL=F', 'HG=F', 'US_SLOPE']","['JPY_USD', 'EUR_USD', 'AUD_USD']",-0.006817975764392912,0.00014233740229009206,-0.006960313166683004
2025-03-01,"['HG=F', 'US_SLOPE', 'GC=F']","['JPY_USD', 'EUR_USD', 'AUD_USD']",-0.0027719898022323234,6.246175644423933e-05,-0.002834451558676563
2025-04-01,"['GC=F', 'HG=F', 'US_SLOPE']","['JPY_USD', 'EUR_USD', 'AUD_USD']",-0.0022447883145491985,4.95542980681165e-05,-0.002294342612617315
2025-05-01,"['US_SLOPE', 'GC=F', 'GBP_USD']","['JPY_USD', 'CL=F', 'HG=F']",0.005046618783978404,0.00041058909149695844,0.004636029692481445
